{
  "nodes": [
    {
      "op": "null", 
      "name": "data", 
      "inputs": []
    }, 
    {
      "op": "null", 
      "name": "hybridsequential3_dense0_weight", 
      "attrs": {
        "__dtype__": "0", 
        "__lr_mult__": "1.0", 
        "__shape__": "(1024, 0)", 
        "__storage_type__": "0", 
        "__wd_mult__": "1.0"
      }, 
      "inputs": []
    }, 
    {
      "op": "null", 
      "name": "hybridsequential3_dense0_bias", 
      "attrs": {
        "__dtype__": "0", 
        "__init__": "zeros", 
        "__lr_mult__": "1.0", 
        "__shape__": "(1024,)", 
        "__storage_type__": "0", 
        "__wd_mult__": "1.0"
      }, 
      "inputs": []
    }, 
    {
      "op": "FullyConnected", 
      "name": "hybridsequential3_dense0_fwd", 
      "attrs": {
        "flatten": "True", 
        "no_bias": "False", 
        "num_hidden": "1024"
      }, 
      "inputs": [[0, 0, 0], [1, 0, 0], [2, 0, 0]]
    }, 
    {
      "op": "Activation", 
      "name": "hybridsequential3_dense0_relu_fwd", 
      "attrs": {"act_type": "relu"}, 
      "inputs": [[3, 0, 0]]
    }, 
    {
      "op": "null", 
      "name": "hybridsequential3_dense1_weight", 
      "attrs": {
        "__dtype__": "0", 
        "__lr_mult__": "1.0", 
        "__shape__": "(512, 0)", 
        "__storage_type__": "0", 
        "__wd_mult__": "1.0"
      }, 
      "inputs": []
    }, 
    {
      "op": "null", 
      "name": "hybridsequential3_dense1_bias", 
      "attrs": {
        "__dtype__": "0", 
        "__init__": "zeros", 
        "__lr_mult__": "1.0", 
        "__shape__": "(512,)", 
        "__storage_type__": "0", 
        "__wd_mult__": "1.0"
      }, 
      "inputs": []
    }, 
    {
      "op": "FullyConnected", 
      "name": "hybridsequential3_dense1_fwd", 
      "attrs": {
        "flatten": "True", 
        "no_bias": "False", 
        "num_hidden": "512"
      }, 
      "inputs": [[4, 0, 0], [5, 0, 0], [6, 0, 0]]
    }, 
    {
      "op": "Activation", 
      "name": "hybridsequential3_dense1_relu_fwd", 
      "attrs": {"act_type": "relu"}, 
      "inputs": [[7, 0, 0]]
    }, 
    {
      "op": "null", 
      "name": "hybridsequential3_dense2_weight", 
      "attrs": {
        "__dtype__": "0", 
        "__lr_mult__": "1.0", 
        "__shape__": "(256, 0)", 
        "__storage_type__": "0", 
        "__wd_mult__": "1.0"
      }, 
      "inputs": []
    }, 
    {
      "op": "null", 
      "name": "hybridsequential3_dense2_bias", 
      "attrs": {
        "__dtype__": "0", 
        "__init__": "zeros", 
        "__lr_mult__": "1.0", 
        "__shape__": "(256,)", 
        "__storage_type__": "0", 
        "__wd_mult__": "1.0"
      }, 
      "inputs": []
    }, 
    {
      "op": "FullyConnected", 
      "name": "hybridsequential3_dense2_fwd", 
      "attrs": {
        "flatten": "True", 
        "no_bias": "False", 
        "num_hidden": "256"
      }, 
      "inputs": [[8, 0, 0], [9, 0, 0], [10, 0, 0]]
    }, 
    {
      "op": "Activation", 
      "name": "hybridsequential3_dense2_relu_fwd", 
      "attrs": {"act_type": "relu"}, 
      "inputs": [[11, 0, 0]]
    }, 
    {
      "op": "null", 
      "name": "hybridsequential3_dense3_weight", 
      "attrs": {
        "__dtype__": "0", 
        "__lr_mult__": "1.0", 
        "__shape__": "(10, 0)", 
        "__storage_type__": "0", 
        "__wd_mult__": "1.0"
      }, 
      "inputs": []
    }, 
    {
      "op": "null", 
      "name": "hybridsequential3_dense3_bias", 
      "attrs": {
        "__dtype__": "0", 
        "__init__": "zeros", 
        "__lr_mult__": "1.0", 
        "__shape__": "(10,)", 
        "__storage_type__": "0", 
        "__wd_mult__": "1.0"
      }, 
      "inputs": []
    }, 
    {
      "op": "FullyConnected", 
      "name": "hybridsequential3_dense3_fwd", 
      "attrs": {
        "flatten": "True", 
        "no_bias": "False", 
        "num_hidden": "10"
      }, 
      "inputs": [[12, 0, 0], [13, 0, 0], [14, 0, 0]]
    }
  ], 
  "arg_nodes": [0, 1, 2, 5, 6, 9, 10, 13, 14], 
  "node_row_ptr": [
    0, 
    1, 
    2, 
    3, 
    4, 
    5, 
    6, 
    7, 
    8, 
    9, 
    10, 
    11, 
    12, 
    13, 
    14, 
    15, 
    16
  ], 
  "heads": [[15, 0, 0]], 
  "attrs": {"mxnet_version": ["int", 10301]}
}